<?xml version="1.0" encoding="utf-8"?>
<extension  version="3.1" type="plugin" group="system" method="upgrade">
    <name>System - StarLite Notification Bar</name>
    <author>StarLite</author>
    <creationDate>November 05, 2012</creationDate>
    <copyright>Copyright (C) 2012 - 2017 www.starliteweb.com All rights reserved.</copyright>
    <license>http://www.gnu.org/licenses/gpl-2.0.html</license>
    <authorEmail>rajesh.starlite@gmail.com</authorEmail>
    <version>1.5</version>
    <authorUrl>www.starliteweb.com</authorUrl>
    <description>PLG_SLNB_XML_DESC</description>
    <files>
        <filename plugin="slnotificationbar">slnotificationbar.php</filename>
        <filename>index.html</filename>
        <folder>assets</folder>
        <folder>language</folder>
    </files>
    <updateservers>
        <!-- Note: No spaces or linebreaks allowed between the server tags -->
        <server type="extension" name="StarLite Notification Bar's updates">http://www.starliteweb.com/update.xml</server>
    </updateservers>
    <config>
        <fields name="params">
            <fieldset name="basic">
                <field name="display_position" type="list" default="top" label="PLG_SLNB_DISPLAY_LABEL"
                       description="PLG_SLNB_DISPLAY_DESC">
                    <option value="top">PLG_SLNB_TOP</option>
                    <option value="bottom">PLG_SLNB_BOTTOM</option>
                </field>
                <field name="textcolor" type="color" default="#DB5903" cellwidth="7" cellheight="10"
                       top="20" left="-30" label="PLG_SLNB_COLOR_LABEL" description="PLG_SLNB_COLOR_DESC"></field>
                <field name="backgroundcolor" type="color" default="#FFFFFF" cellwidth="7" cellheight="10" top="20"
                       left="-30" label="PLG_SLNB_BACKGROUND_LABEL" description="PLG_SLNB_BACKGROUND_DESC"></field>

                <field name="fontsize" type="text" default="12" label="PLG_SLNB_FONTSIZE_LABEL"
                       description="PLG_SLNB_FONTSIZE_DESC"></field>

                <field name="notificationmessage" type="textarea" cols="40" rows="5" default="" filter="raw"
                       label="PLG_SLNB_NOTIFICATION_MESSAGE_LABEL"
                       description="PLG_SLNB_NOTIFICATION_MESSAGE_DESC" />

                <field name="showinmenu_items" type="menuitem" multiple="true" size="4"
                       label="PLG_SLNB_NOTIFICATION_MENUITEM_LABEL"
                       description="PLG_SLNB_NOTIFICATION_MENUITEM_DESC" />



            </fieldset>
        </fields>
    </config>
</extension>
